temperature,humidity,ph,rainfall,label
24.86205402,85.06237026,5.956923348,184,jagung hibrida
25.55785407,85.71338567,5.795299676,114,jagung hibrida
24.71522115,85.80854278,8.457738889,165,jagung hibrida
25.06144665,85.59396784,8.244984893,174,jagung hibrida
25.29460672,83.60434356,4.196507259,176,jagung hibrida
23.11506697,82.84368762,7.293223793,157,jagung hibrida
23.2868198,84.25727384,6.387331945,130,jagung hibrida
24.54030127,85.24675406,7.396740789,192,jagung hibrida
25.05468925,84.70099271,8.560226365,131,jagung hibrida
24.45086527,86.95996421,6.625113689,118,jagung hibrida
25.44906583,84.62546431,5.876397265,194,jagung hibrida
23.75097556,86.20891257,6.567732175,153,jagung hibrida
24.36827274,86.63055616,6.652453644,128,jagung hibrida
25.21175462,85.05914017,6.470705361,133,jagung hibrida
24.47341658,83.73465838,7.15767937,159,jagung hibrida
23.60461338,84.24493815,5.459700547,190,jagung hibrida
23.86131016,84.43341306,6.353606636,151,jagung hibrida
24.798607,85.59808062,7.728018822,104,jagung hibrida
25.10883368,84.03696297,6.447457073,103,jagung hibrida
24.28674135,84.91324229,6.88978626,188,jagung hibrida
25.7251255,84.61402575,7.526830281,154,jagung hibrida
25.9609067,85.26983888,8.426318061,156,jagung hibrida
23.21787085,85.40480817,7.48909415,116,jagung hibrida
24.49048241,83.68118648,9.449797092,128,jagung hibrida
26.59525629,85.4512844,4.544945409,154,jagung hibrida
25.18936574,84.34764856,6.941973273,190,jagung hibrida
25.33565756,83.91794984,7.899760576,146,jagung hibrida
24.88439918,85.72737492,6.52927711,169,jagung hibrida
24.25544653,84.23892887,7.034722275,137,jagung hibrida
25.51297792,85.07815251,7.520426031,133,jagung hibrida
25.62063667,85.15780961,5.439429796,159,jagung hibrida
23.93573125,83.43333842,6.188857344,136,jagung hibrida
24.97364343,83.44127024,6.4586146,132,jagung hibrida
24.16099672,84.91165679,6.883396819,188,jagung hibrida
24.83955434,85.01555481,6.601706111,175,jagung hibrida
22.01415967,84.78695984,6.997867239,100,jagung hibrida
25.09598152,83.50551079,7.563785007,178,jagung hibrida
24.34989369,85.73105168,6.144415591,119,jagung hibrida
26.04946211,86.03142102,6.244143647,116,jagung hibrida
25.62602799,83.8728867,5.978658037,177,jagung hibrida
24.94986504,84.51635782,7.532525873,136,jagung hibrida
24.07078848,84.71246899,6.347332589,180,jagung hibrida
24.07681595,84.18458979,5.790274058,141,jagung hibrida
26.0515563,86.15107003,5.703578741,187,jagung hibrida
25.35826747,83.7172932,6.409514061,190,jagung hibrida
24.71882175,84.15061185,5.198093093,107,jagung hibrida
25.26040951,84.85361401,6.370123195,185,jagung hibrida
24.81501795,86.89650131,6.143879265,197,jagung hibrida
22.89124787,84.72615462,7.604920609,133,jagung hibrida
25.86617001,84.5635201,6.582842991,138,jagung hibrida
23.86112536,83.76881063,6.440610619,142,jagung hibrida
24.02385596,83.59071399,5.633773089,174,jagung hibrida
24.39736677,83.90090101,7.546505821,196,jagung hibrida
24.16203536,85.03000339,7.613454049,158,jagung hibrida
25.50710691,87.99651099,6.325856829,184,jagung hibrida
26.24753502,84.95199432,6.716883671,110,jagung hibrida
24.13028597,86.13280682,7.001350935,190,jagung hibrida
25.61489173,83.40213736,6.526403617,108,jagung hibrida
25.9706226,85.77698769,6.23366796,129,jagung hibrida
26.14297902,84.81635756,7.661810024,141,jagung hibrida
24.78147315,84.1907058,7.106416828,184,jagung hibrida
24.54064179,85.99792795,8.35540509,149,jagung hibrida
24.15777741,84.66500849,7.931907932,140,jagung hibrida
24.9203795,84.5282727,6.217116804,184,jagung hibrida
27.01384055,86.84869871,5.684873883,192,jagung hibrida
24.72482269,85.45313869,5.434832079,108,jagung hibrida
26.4688763,85.80415844,6.670889108,191,jagung hibrida
24.78400067,85.30314893,7.640331495,182,jagung hibrida
26.2707311,84.15787485,8.209437977,147,jagung hibrida
24.44323367,86.44475169,6.173186334,171,jagung hibrida
25.79996746,84.37469471,6.209819165,193,jagung hibrida
24.41191444,84.96933154,7.066289744,122,jagung hibrida
25.07015028,86.33841156,6.460067593,122,jagung hibrida
26.81940239,84.27254469,7.649949357,121,jagung hibrida
24.8162442,85.5337045,5.806011955,173,jagung hibrida
25.64355334,83.58439717,7.092129864,123,jagung hibrida
27.11241033,87.44698021,7.507141287,124,jagung hibrida
25.1083857,84.68517495,7.421248374,189,jagung hibrida
26.21133061,87.06893774,7.247246851,122,jagung hibrida
22.98799731,84.59081572,6.296582855,168,jagung hibrida
24.28015014,85.91922794,5.953494352,129,jagung hibrida
26.22811687,83.71805524,5.796040714,172,jagung hibrida
25.54214162,84.43337686,6.253556517,117,jagung hibrida
23.79949909,86.58173016,6.61258857,164,jagung hibrida
25.88141032,86.50880839,8.279186639,123,jagung hibrida
25.99846049,85.90900945,8.343056153,140,jagung hibrida
25.21204593,84.2234856,8.307118365,162,jagung hibrida
24.89696345,85.30558955,6.808984774,157,jagung hibrida
24.06480968,85.01740062,4.792475209,169,jagung hibrida
24.7206628,85.32173414,5.955178818,119,jagung hibrida
25.22198273,85.15385733,6.82313847,200,jagung hibrida
24.71389135,86.11786812,5.225460857,139,jagung hibrida
23.23365827,85.27187013,7.235087006,179,jagung hibrida
23.43966019,87.0348911,6.562581832,160,jagung hibrida
24.49512468,84.7280152,5.648168324,132,jagung hibrida
26.63767833,84.72326566,6.303779143,199,jagung hibrida
25.76814556,85.79026196,6.237716086,115,jagung hibrida
25.36084589,85.63960496,7.539306722,107,jagung hibrida
24.14413164,85.60949292,6.676091657,117,jagung hibrida
25.5085997,83.85385925,6.725782552,144,jagung hibrida
23.71553726,84.13267588,7.623172494,192,jagung hibrida
23.99662154,80.35644476,5.547588316,213,padi
23.73031786,84.18935595,6.261412986,208,padi
23.82401016,85.03806353,7.53648493,237,padi
24.66179736,81.85688194,4.630984905,225,padi
23.42882942,82.22050203,5.564806148,227,padi
23.54668801,81.32479154,6.280679551,234,padi
24.37526023,83.1512171,5.334275509,229,padi
24.54087711,84.07173114,6.846266132,218,padi
23.58711198,82.84487069,6.173771354,242,padi
23.45165675,82.73866328,5.027084931,229,padi
21.6996966,82.15977559,5.424057403,235,padi
23.37356344,82.96804579,7.530127742,245,padi
24.15306942,80.79212455,6.50602688,233,padi
24.53035408,82.91637628,7.251567623,247,padi
23.71770853,82.9128388,7.292417514,236,padi
23.72595765,82.55093344,6.476991736,223,padi
23.16018025,83.34316108,4.490142872,200,padi
23.15639771,82.23487201,6.952511537,227,padi
23.00601895,82.11721427,5.73702635,245,padi
24.05223865,81.91271372,5.107112975,204,padi
24.3509797,82.81725443,5.651914626,213,padi
23.57544885,82.6297419,4.711785474,200,padi
22.6995739,81.50795917,7.3062694,249,padi
23.94085748,81.83172995,6.187012876,202,padi
23.72604521,81.159686,7.102247019,212,padi
22.99028107,81.88666163,4.868879471,241,padi
22.78292699,83.56502781,5.989499124,200,padi
23.20756926,83.13232623,6.509752644,238,padi
23.90143774,82.75433307,5.933977069,235,padi
23.98245813,81.24039039,6.820487827,234,padi
22.72158027,80.76809117,7.222843353,206,padi
22.74701048,82.57074891,5.945584236,207,padi
22.44757927,84.87768009,5.934220812,244,padi
22.41881246,81.86065701,4.023319971,230,padi
24.23568827,84.69392365,5.724586004,219,padi
22.99101157,82.93040734,6.69384043,241,padi
24.18536132,81.38363311,5.958611739,226,padi
24.52660664,84.33288442,5.63429905,210,padi
23.41520694,81.92360283,5.679262936,245,padi
24.06209505,83.7891517,6.399557092,201,padi
22.71853345,83.00521341,5.468440906,230,padi
25.05856297,82.61695492,6.838213424,231,padi
24.50950314,82.46465807,5.974022217,223,padi
23.91466308,83.20748659,5.742153544,232,padi
23.58266024,82.39583715,4.868901189,247,padi
23.96226607,81.56705814,4.906107193,207,padi
23.63759848,81.60478043,7.12695126,234,padi
22.9358541,82.84212451,5.887582011,249,padi
23.39718845,81.56162559,5.376624072,219,padi
23.74486362,81.71448124,6.139995002,208,padi
23.65563747,81.42806958,6.700223856,211,padi
23.61277105,84.99547081,6.033791484,221,padi
22.30105896,84.11683714,5.512069619,211,padi
22.61458115,83.16219511,8.339686237,228,padi
23.15147295,81.78685861,5.665369053,204,padi
22.75428826,83.0885859,6.403939588,245,padi
24.39884784,82.84012363,8.101561617,218,padi
23.74122478,81.53514118,5.032073197,223,padi
22.10359212,84.45274317,5.479826564,218,padi
23.87432869,82.58886646,5.952196806,248,padi
24.32863938,82.46129904,7.277275571,240,padi
22.45393726,83.21745858,6.472002209,243,padi
23.99081264,81.56093038,5.950793739,223,padi
24.95384041,82.91948912,6.273989424,227,padi
22.52950546,82.6806607,7.785444542,203,padi
22.94276559,83.00131238,6.850618849,235,padi
24.32201361,82.12803876,5.848527285,241,padi
22.65420881,81.83594688,5.202613308,244,padi
22.76252083,81.39181386,6.304398052,217,padi
23.76350743,81.56523917,7.16935783,225,padi
22.54433077,84.57406863,6.638998816,236,padi
22.4445696,82.46164053,6.5832831,246,padi
23.05651806,81.02155912,6.924096197,211,padi
22.67654556,82.72574453,5.738106324,219,padi
23.82438236,82.24506824,5.838216889,221,padi
23.65510491,84.2800183,6.830894144,248,padi
23.37227568,81.76794982,6.110977061,219,padi
23.9730253,83.15780048,6.640570838,240,padi
25.59364268,83.4862421,7.029247401,234,padi
23.64832335,83.38887344,4.81585546,212,padi
22.63900823,80.95716409,5.905094263,237,padi
22.66157452,83.71699405,6.408905678,242,padi
23.59818182,81.85258241,5.370019362,217,padi
21.60913688,83.3761065,5.03178253,248,padi
22.2794646,82.13129043,6.95028489,210,padi
22.22029559,83.65297495,5.52460108,218,padi
25.53852468,81.73236925,7.224763357,235,padi
24.37347142,84.64910725,5.986062502,234,padi
20.84598556,82.91469846,6.284743497,233,padi
23.51323619,82.52179639,6.005225722,205,padi
23.6466058,81.52326683,4.526602642,233,padi
24.17074273,82.34539394,5.910659369,210,padi
23.82045008,83.46353452,6.505653546,240,padi
22.03957679,81.84608698,5.447329886,242,padi
22.8663558,82.93786295,6.678454132,200,padi
23.64623358,82.46465016,5.924191583,209,padi
21.75840193,83.47666838,5.466507104,228,padi
25.24247821,82.36523998,9.014812132,226,padi
24.98762418,82.10177651,5.182923965,229,padi
24.52755495,83.46352709,4.217433813,203,padi
22.32267949,70.56509951,7.47926391,149,cabai besar
24.04597233,70.10572851,7.120592494,122,cabai besar
23.67964913,71.56891524,6.007694866,117,cabai besar
23.43317475,69.28234458,4.21788113,181,cabai besar
23.36283475,72.12551091,4.988560278,129,cabai besar
27.03687862,69.50688607,5.737464724,180,cabai besar
23.23895288,69.07633011,3.540334428,165,cabai besar
22.92823453,71.93785751,5.755624363,153,cabai besar
25.17516641,69.75854456,7.165352638,127,cabai besar
24.74213185,70.0501384,7.993090659,161,cabai besar
24.17203553,70.16198322,5.400466285,159,cabai besar
24.86560279,69.9409476,7.045965573,104,cabai besar
24.33630215,69.18443847,4.956732765,184,cabai besar
23.09591434,69.47831472,6.749994716,113,cabai besar
23.85895993,69.09840166,6.863209182,139,cabai besar
22.12926274,70.5870793,6.239576735,102,cabai besar
23.1547192,69.61850366,6.805531291,113,cabai besar
23.12100327,69.94026007,6.464252461,140,cabai besar
25.17611748,72.59451745,7.065759847,113,cabai besar
24.7177825,69.44784839,8.17118475,187,cabai besar
23.08280314,69.6077712,5.885560536,139,cabai besar
23.52833828,71.61665759,6.79021462,108,cabai besar
24.10220571,70.63330439,7.443948274,190,cabai besar
23.87448631,70.11517126,7.509784478,104,cabai besar
24.56325582,69.96335979,7.441820785,167,cabai besar
23.66505231,70.55967987,5.501505061,121,cabai besar
25.53123737,71.29144187,6.502819286,110,cabai besar
24.16676964,68.10826462,6.087276056,186,cabai besar
22.38790632,68.45034059,6.542720284,140,cabai besar
23.95295163,69.17841273,4.324094636,193,cabai besar
24.96534716,70.24024472,5.10817475,152,cabai besar
26.33622163,67.89214993,6.64624516,101,cabai besar
24.48353653,69.56915416,5.491399083,100,cabai besar
25.08263875,69.80495857,5.840443573,101,cabai besar
24.59392768,69.43587993,5.928623031,106,cabai besar
24.07120992,68.97223166,7.394218263,138,cabai besar
22.63239058,70.01978556,4.990275222,122,cabai besar
23.96014914,70.62838948,7.4960555,176,cabai besar
23.23574949,70.2995261,7.622380619,165,cabai besar
24.11329574,69.13890069,8.506260173,176,cabai besar
24.9906444,72.01159971,5.912262196,178,cabai besar
24.22580538,69.72265131,6.430707869,128,cabai besar
24.703546,69.87503138,6.874674037,147,cabai besar
23.09855349,69.34776763,6.214555063,183,cabai besar
24.3631171,69.86113467,7.636749167,180,cabai besar
24.24049587,69.8390894,7.894359067,170,cabai besar
23.36814944,69.43022092,7.827446398,112,cabai besar
22.74606531,69.48352166,5.55005538,135,cabai besar
24.39216549,69.45148372,5.396834092,153,cabai besar
23.70622902,69.18217175,6.49985776,117,cabai besar
23.72578572,68.14805689,6.61502756,198,cabai besar
21.96974194,69.53869291,6.407874572,122,cabai besar
24.7451952,70.72982119,7.554801349,135,cabai besar
24.13257533,70.22386041,6.958091324,182,cabai besar
23.80643068,71.15279058,6.063057609,184,cabai besar
24.14277771,69.62177491,5.377883979,118,cabai besar
24.48549312,68.82711867,5.740869116,198,cabai besar
23.49066733,71.86228751,7.439489683,196,cabai besar
23.04553943,70.2789701,5.913339581,192,cabai besar
22.86600625,69.80552561,5.06262949,190,cabai besar
25.51586807,70.89260164,7.138774927,119,cabai besar
23.09604982,69.03619825,6.217346064,178,cabai besar
22.7784868,69.82592726,6.709779563,161,cabai besar
24.26586569,70.22468204,5.192676193,162,cabai besar
24.96867969,69.59224759,8.421531476,193,cabai besar
24.48354561,70.44360504,6.527913501,130,cabai besar
23.97965885,70.2702869,6.101147293,128,cabai besar
23.95049499,69.86970921,6.725968081,191,cabai besar
24.89453399,71.96650455,6.052487122,196,cabai besar
23.02798456,69.04249306,5.71687292,117,cabai besar
23.52327835,71.02794699,5.653475605,139,cabai besar
23.06463293,71.37761536,5.093444206,153,cabai besar
24.36390296,71.956951,6.929315091,172,cabai besar
22.55018062,70.64242088,7.794646677,113,cabai besar
27.02311512,69.96001695,8.828532373,125,cabai besar
25.08898872,70.21388717,6.935477197,142,cabai besar
26.44999811,69.7740255,5.866151468,189,cabai besar
24.68124739,68.1064773,6.918135831,110,cabai besar
25.49982291,70.62201014,7.579820279,123,cabai besar
25.37254433,70.50694539,4.725390148,155,cabai besar
22.71667977,70.72971713,6.837502129,159,cabai besar
23.97713065,69.78743709,6.593110547,105,cabai besar
23.77388446,69.91811321,6.345033237,109,cabai besar
24.42391256,70.21965455,6.631876305,132,cabai besar
24.02744458,71.42410974,6.818154917,105,cabai besar
23.96875146,69.91584045,5.945551066,159,cabai besar
22.69444549,71.12087149,6.18081942,174,cabai besar
24.40742582,70.12946691,6.077573453,192,cabai besar
24.07735988,71.50611699,6.865640194,132,cabai besar
24.49540799,71.68949577,7.075697866,168,cabai besar
24.72797801,69.43123474,5.16133144,187,cabai besar
22.24306587,68.74224142,8.192233757,159,cabai besar
24.18686125,69.45749324,8.022388272,168,cabai besar
23.27023232,69.56869459,7.487795787,169,cabai besar
22.85052165,69.77906432,6.42900015,193,cabai besar
25.70495056,68.75717237,6.399046992,119,cabai besar
23.98704814,71.96781172,7.137797945,197,cabai besar
23.56443891,70.9744448,6.491925406,133,cabai besar
23.4059512,70.42203843,5.660426403,145,cabai besar
22.99192185,70.2114408,5.34089893,141,cabai besar
25.47246684,70.3282604,6.295074466,174,cabai keriting
22.28027577,69.48383181,5.099497424,145,cabai keriting
25.28065797,69.10897116,6.637687467,164,cabai keriting
22.36669982,70.65847347,5.369834353,120,cabai keriting
24.96852269,70.67192367,7.983843859,163,cabai keriting
23.36468591,69.86890888,4.983860756,191,cabai keriting
23.27949993,70.17381668,7.374277321,173,cabai keriting
24.10938063,70.04705354,7.627204164,195,cabai keriting
24.47502443,70.02931894,6.687006071,175,cabai keriting
24.51937844,69.95128464,4.800418866,119,cabai keriting
24.65902881,70.45318511,7.394984925,197,cabai keriting
25.28198708,71.00089781,5.841472103,199,cabai keriting
23.36212703,69.23398259,6.490404252,154,cabai keriting
23.51869507,71.74455324,7.247884402,194,cabai keriting
24.58369826,69.81245804,8.076723633,187,cabai keriting
24.68696944,68.4657453,6.802511746,123,cabai keriting
24.18136413,68.00920806,6.302519804,126,cabai keriting
25.5839193,69.37003527,6.404389904,163,cabai keriting
23.03496759,70.22939251,6.084388613,125,cabai keriting
22.7573673,68.62133889,6.254939342,175,cabai keriting
22.9381761,70.19392499,7.359627558,196,cabai keriting
23.49519738,69.52369958,5.927686837,103,cabai keriting
21.58864111,70.86920238,6.135867467,117,cabai keriting
25.03481588,69.40488498,7.236616365,167,cabai keriting
25.92697629,71.40157806,8.558976828,151,cabai keriting
24.61027654,68.27763193,6.639196657,185,cabai keriting
21.88714754,68.85379279,5.30945721,185,cabai keriting
25.21064096,70.76201671,7.018248445,194,cabai keriting
23.62838613,70.26339514,7.84529853,147,cabai keriting
23.02953478,70.24219945,6.718491939,136,cabai keriting
25.55298466,69.58315393,6.099563936,186,cabai keriting
23.83261112,70.07536473,8.001649268,101,cabai keriting
22.96051364,70.06312845,7.420497475,126,cabai keriting
21.80196937,70.14373095,6.57105864,119,cabai keriting
25.3673352,69.31335229,5.119872722,150,cabai keriting
23.7918372,69.42535393,6.084828945,188,cabai keriting
23.6526375,70.11306045,6.090300263,196,cabai keriting
23.63415909,68.96098722,7.603222394,186,cabai keriting
24.45998161,70.79320494,6.134782426,174,cabai keriting
23.2403072,70.96190633,7.495192893,196,cabai keriting
24.05305074,68.92205562,7.265990091,183,cabai keriting
25.41827442,67.87631811,6.169038571,151,cabai keriting
21.73230326,70.37784114,6.745721449,200,cabai keriting
23.13672782,72.25791995,5.499699917,184,cabai keriting
25.57885466,70.9339012,7.3619051,118,cabai keriting
22.19488923,69.38202422,6.389292164,113,cabai keriting
24.15347342,70.23992358,6.501419901,176,cabai keriting
23.76154805,68.68105415,8.277060282,154,cabai keriting
25.90237136,67.76629971,5.42543892,170,cabai keriting
23.50314895,69.44668842,7.500407332,135,cabai keriting
23.84588924,69.26921247,8.91460131,164,cabai keriting
23.32901967,69.85499485,7.737196492,126,cabai keriting
22.90353788,69.58430662,7.25907827,169,cabai keriting
24.25566639,69.48470003,6.213679157,145,cabai keriting
22.11087006,69.58090026,5.358379668,169,cabai keriting
23.33228753,70.28880775,5.520901082,111,cabai keriting
23.89344358,69.05798467,7.930836568,131,cabai keriting
22.27399034,70.71034964,7.171317295,110,cabai keriting
26.85285548,69.25167393,5.271645016,163,cabai keriting
23.65430907,70.15881143,5.162814119,159,cabai keriting
23.73727059,69.25033055,5.438022757,165,cabai keriting
24.20968909,69.90474546,5.777056887,128,cabai keriting
24.85428754,70.96387242,5.086530054,156,cabai keriting
24.66460414,69.45079618,7.914543574,154,cabai keriting
23.87350493,70.49668933,4.577592349,101,cabai keriting
24.07341917,70.47487234,7.674706101,107,cabai keriting
25.65189909,69.45227606,8.056086937,123,cabai keriting
24.24447683,68.36347518,7.539747666,193,cabai keriting
21.86801074,69.49353581,6.287984245,165,cabai keriting
22.11306544,70.63282817,5.927931886,109,cabai keriting
24.8240642,71.32310394,6.077478166,167,cabai keriting
23.1699957,69.59508666,7.892480283,184,cabai keriting
25.80127839,68.92464603,6.224838127,100,cabai keriting
23.53870295,68.72763171,5.665746032,107,cabai keriting
25.97375173,69.3224902,7.272382369,155,cabai keriting
24.82286232,69.77353674,7.291651643,143,cabai keriting
23.3834593,70.23555718,5.464653835,172,cabai keriting
24.93209619,70.42630509,5.775605373,151,cabai keriting
23.86276106,68.37334628,5.172387073,105,cabai keriting
22.79505475,70.09266812,4.957574515,150,cabai keriting
23.20218374,69.61110892,6.397595907,101,cabai keriting
24.92639569,70.52154392,5.648550743,200,cabai keriting
24.32586561,69.42914113,6.610192687,119,cabai keriting
25.37065193,69.23210336,7.873646338,127,cabai keriting
25.18692328,70.20937149,6.739380042,101,cabai keriting
24.2833233,71.22320936,8.074795487,111,cabai keriting
23.87935412,69.8723348,6.560648621,100,cabai keriting
24.58622929,69.24292076,5.750546428,116,cabai keriting
22.89360713,70.49478442,6.593695493,199,cabai keriting
23.75679,68.80694678,6.34975508,137,cabai keriting
25.18561513,70.6346714,5.359086028,108,cabai keriting
23.39667562,70.13251086,6.245922897,143,cabai keriting
24.70949077,69.23164442,7.115419076,199,cabai keriting
23.32954467,70.56103917,7.950899448,131,cabai keriting
22.65207603,68.81072521,7.288268757,187,cabai keriting
22.28631135,70.4558924,5.904608871,135,cabai keriting
23.57329878,70.05151103,7.721383984,190,cabai keriting
23.98449852,70.27419962,7.293447947,105,cabai keriting
24.24490618,71.02306401,8.291131871,133,cabai keriting
22.70067244,70.43345065,5.958449459,170,cabai keriting
22.61261238,70.63228933,5.597236328,185,cabai rawit
26.11402827,68.79730068,6.855633585,113,cabai rawit
24.19998691,68.99082502,8.473755773,116,cabai rawit
23.61849623,69.99675307,5.472111532,152,cabai rawit
23.14373379,70.06205946,6.847716462,154,cabai rawit
23.81003315,68.70026765,7.272144428,135,cabai rawit
25.90910771,68.43736469,5.559289202,181,cabai rawit
26.11942346,69.77239269,7.16505856,178,cabai rawit
23.07242208,70.71699033,7.019782816,183,cabai rawit
24.58327402,71.49052497,7.11235031,190,cabai rawit
23.25016441,69.58213615,5.373524595,195,cabai rawit
23.55409447,68.99158761,5.236652809,160,cabai rawit
23.08593263,68.11926411,7.357029209,104,cabai rawit
22.69087191,71.8555938,5.467165488,135,cabai rawit
23.59120451,70.72468649,8.102280714,192,cabai rawit
22.87404709,71.40301489,6.037696219,118,cabai rawit
24.92681269,69.82450277,5.473735929,149,cabai rawit
22.9965317,69.00911497,7.342093591,111,cabai rawit
23.36096046,70.0511809,6.416345094,181,cabai rawit
23.74434199,71.05677818,6.066032507,162,cabai rawit
24.24928315,70.24843305,5.195039499,120,cabai rawit
24.67287311,69.09473323,6.514650961,122,cabai rawit
25.15755399,70.21499869,4.817175814,161,cabai rawit
23.89194294,70.1781627,6.154894966,141,cabai rawit
25.10673626,69.58402202,5.959697101,195,cabai rawit
24.27898547,70.22160593,6.185611499,104,cabai rawit
24.27898409,70.34393216,6.356328665,191,cabai rawit
26.05821109,69.51803493,6.820480849,143,cabai rawit
23.6346149,69.84119423,5.719747122,104,cabai rawit
23.80146444,70.09903095,6.714261085,178,cabai rawit
22.18872299,70.12211541,6.765273424,179,cabai rawit
25.87532354,69.40364,6.743067481,155,cabai rawit
23.44841508,70.27388263,6.97315179,194,cabai rawit
24.70745087,69.18060218,5.218131029,178,cabai rawit
22.29105365,69.24362155,6.16412994,106,cabai rawit
24.30141336,69.19080196,7.219329851,134,cabai rawit
23.90524081,69.83857446,7.531552005,125,cabai rawit
25.02179891,69.0611966,6.997561444,148,cabai rawit
24.98286758,70.8603668,6.659132684,146,cabai rawit
26.38026732,70.12887503,6.109726053,139,cabai rawit
22.98304568,69.78217055,6.536056801,102,cabai rawit
24.67337888,68.86430512,6.149468274,173,cabai rawit
23.78670086,70.78437577,6.766634608,176,cabai rawit
23.40322842,69.38698673,7.206149566,119,cabai rawit
23.44036666,71.15328674,6.706819289,129,cabai rawit
25.24148149,70.3047312,5.495390909,185,cabai rawit
23.47597336,70.5508766,6.354361364,145,cabai rawit
22.81816738,72.43361788,5.38417777,163,cabai rawit
21.88962491,70.50957003,6.044835522,140,cabai rawit
23.39581584,71.57173679,7.715185992,196,cabai rawit
25.5410165,69.66811264,6.801625455,141,cabai rawit
23.27679621,69.60831222,5.759258286,140,cabai rawit
25.23802655,68.78585029,6.285435995,125,cabai rawit
24.86955358,67.91157196,8.408401294,177,cabai rawit
24.29072987,69.75273979,6.002552451,145,cabai rawit
21.86087104,68.29045013,6.3774834,164,cabai rawit
24.72741977,71.67055353,7.118851267,197,cabai rawit
24.29520594,70.61855324,8.559300221,173,cabai rawit
24.57071687,69.31689043,6.256163432,157,cabai rawit
23.68365626,71.51638484,6.359330109,178,cabai rawit
25.22328633,70.80029153,6.835327817,198,cabai rawit
24.98316188,69.49922788,7.820516473,128,cabai rawit
25.23934655,69.34401381,5.238541629,171,cabai rawit
23.78416386,69.21844177,4.759918204,111,cabai rawit
26.07639257,69.53765509,7.076456841,181,cabai rawit
24.8638572,69.18467582,6.371658636,117,cabai rawit
26.07282662,70.07761981,4.877443413,166,cabai rawit
24.83604683,71.46600674,7.609337099,120,cabai rawit
24.39497436,69.6626415,5.44201227,192,cabai rawit
21.78587992,69.93676825,7.291648715,181,cabai rawit
24.18359556,70.78360054,7.027246326,165,cabai rawit
25.42654235,68.96999155,8.278482773,139,cabai rawit
23.25935123,69.5785528,5.35412112,119,cabai rawit
23.47537308,70.4031673,6.320587709,195,cabai rawit
24.66792325,68.61846897,6.456315965,148,cabai rawit
22.2465484,70.36534608,5.722311611,153,cabai rawit
25.13148972,68.37964128,6.879593467,163,cabai rawit
23.02084776,69.13695772,7.137343131,185,cabai rawit
24.88403812,71.22278119,6.180537036,129,cabai rawit
24.05693064,68.97390511,5.734479972,135,cabai rawit
25.59477564,68.50340514,6.111943755,160,cabai rawit
25.21818691,70.45644155,6.743241414,125,cabai rawit
24.98722217,68.94355002,6.752478459,167,cabai rawit
23.67007905,69.62010253,6.207099284,129,cabai rawit
24.56038095,69.67290899,5.404088378,106,cabai rawit
23.85437679,69.87906959,6.645661641,175,cabai rawit
23.85532969,70.16756284,6.594280451,116,cabai rawit
25.03543348,68.79563455,7.516694217,106,cabai rawit
24.74534384,70.13713318,6.262505785,158,cabai rawit
24.65039028,71.20817932,6.533976605,178,cabai rawit
23.95926632,69.84612428,6.267377799,167,cabai rawit
25.33841589,71.16670843,7.027246337,197,cabai rawit
22.92977075,67.38433572,6.896771314,195,cabai rawit
25.4922702,71.88392335,6.581623311,190,cabai rawit
23.58229714,69.75990069,7.873766856,107,cabai rawit
24.35001839,71.79000478,6.701227619,178,cabai rawit
24.08585213,70.5760869,7.6201461,134,cabai rawit
24.75072492,68.66708517,5.184789831,114,cabai rawit
25.83363879,70.62917861,7.509742571,112,cabai rawit
24.10521118,72.30908783,6.315803452,103,cabai rawit
22.41009422,70.32935642,6.053474761,102,tomat
22.34677254,70.05802496,6.118307802,86,tomat
22.84155664,70.06623504,6.608144826,61,tomat
24.91422605,67.94074828,6.890768343,96,tomat
22.68575368,69.0063418,6.091541369,78,tomat
24.14460863,70.20823358,6.302880972,65,tomat
20.63867023,68.83788649,6.105955332,87,tomat
24.69644662,70.34334739,6.394010105,105,tomat
24.47266798,71.05624121,4.645332695,73,tomat
23.02368463,69.93530956,8.248562554,69,tomat
23.48538274,70.86143255,5.76595474,68,tomat
24.70987278,71.41549849,5.84791501,74,tomat
23.63877399,70.12626326,6.391562334,92,tomat
24.23711826,70.13771295,6.289202613,91,tomat
24.41959085,69.90047428,6.358088994,61,tomat
24.27594055,69.41621528,6.681293046,105,tomat
24.6214893,70.08115657,5.872179296,82,tomat
22.79856375,68.81220571,6.427695641,101,tomat
25.21567572,69.98869468,6.232682872,77,tomat
23.37297489,67.43767873,7.03432504,78,tomat
22.99941619,70.00494718,6.722138097,103,tomat
22.73789515,70.96158412,5.116726146,84,tomat
22.50614219,70.71892441,7.570333556,75,tomat
22.03981098,71.13138187,7.229116259,105,tomat
23.34320575,74.4005835,4.986062145,83,tomat
23.41266417,70.39575629,6.498524967,80,tomat
23.33040595,70.29632794,6.211798973,97,tomat
25.17778015,69.44079512,6.21997954,80,tomat
21.81965304,68.88486007,7.139283263,70,tomat
22.12966654,69.65085729,6.067716491,94,tomat
23.79273042,70.00564448,7.906622271,71,tomat
23.8015844,69.10407657,6.463168353,78,tomat
24.51010743,68.42872415,4.847251358,70,tomat
23.16373326,71.20267444,6.566908117,102,tomat
22.64571075,70.59208171,7.142636838,70,tomat
23.72139837,69.86463572,4.762992288,62,tomat
22.52210648,70.58365222,6.025592154,63,tomat
22.96117195,69.15690087,6.78280384,100,tomat
21.99644055,68.35786089,5.967200925,63,tomat
24.44243444,70.23924832,7.266736494,82,tomat
23.61906882,70.61309755,7.847019699,67,tomat
24.17428016,71.73968935,5.539960419,62,tomat
22.82603678,71.35993442,8.143132618,99,tomat
23.21881313,69.83196773,7.668429128,66,tomat
23.6841669,68.9317452,7.180049281,80,tomat
24.0208469,71.27609818,7.452633174,69,tomat
22.38073657,70.78139843,5.991083779,99,tomat
22.50271056,70.0345759,7.061431591,78,tomat
25.93278588,68.75793691,8.184361308,99,tomat
23.14440652,70.64828159,6.374724538,88,tomat
24.30351647,69.12638761,7.030305334,96,tomat
25.0890527,70.34234251,6.879662685,75,tomat
21.66702248,67.83225959,5.458487246,83,tomat
23.63072997,70.20122974,6.052702682,73,tomat
24.55417344,70.12132953,6.077083706,90,tomat
23.15625973,68.32013211,6.667625325,79,tomat
24.10700202,70.94254389,6.488601948,78,tomat
24.88573017,70.41048127,6.392059355,89,tomat
24.10237891,70.12761967,6.977199605,68,tomat
22.45908894,70.51512988,6.978908225,85,tomat
22.84797885,70.55436861,6.408630478,101,tomat
24.15183559,68.50241777,7.593680943,68,tomat
22.11978685,70.03096715,5.480768506,78,tomat
23.32320451,70.26087332,6.801526923,80,tomat
23.73649602,72.33119014,5.737839895,83,tomat
23.21903798,68.60956064,8.426846056,68,tomat
23.13252356,69.71304381,6.180667187,74,tomat
23.88837576,69.85248874,6.342467473,103,tomat
22.58640021,70.47620463,7.657335041,66,tomat
22.52230378,71.02861018,7.608945431,83,tomat
22.84444819,70.26969491,5.179529096,86,tomat
23.41639916,70.01906334,6.700631813,72,tomat
25.75138418,70.15310653,7.469718024,67,tomat
23.82544501,70.21980642,8.373320073,99,tomat
23.47517855,68.74494658,6.419896116,101,tomat
24.42844509,69.96004486,5.404962759,88,tomat
21.82844604,70.75348859,6.088179168,75,tomat
24.84935527,70.79934375,6.354876432,81,tomat
23.57124133,68.53863474,6.297944526,63,tomat
21.90802399,71.11100089,8.355966235,69,tomat
23.48131111,70.14415229,6.604259816,97,tomat
23.78706846,70.46503856,4.933885624,94,tomat
23.86522113,68.16942827,7.352281191,78,tomat
23.22797394,69.94133318,6.536235135,104,tomat
22.66141516,69.80804905,6.508536751,102,tomat
22.75908848,70.89911084,7.601863109,86,tomat
23.4481017,70.99160029,6.190590321,89,tomat
24.18606909,69.20829812,8.575641061,91,tomat
23.15991323,70.19903255,5.914406311,92,tomat
24.74652959,70.86566241,5.899811728,96,tomat
22.26596436,67.84289427,8.337262024,67,tomat
22.11744203,68.73261452,7.242342677,74,tomat
24.09961396,71.78472392,6.41348793,99,tomat
23.20976809,68.21877908,6.618652735,97,tomat
24.44625221,70.60020319,7.008984505,95,tomat
24.24526047,70.54518559,6.903559476,60,tomat
23.98394655,69.9315153,6.978715567,86,tomat
20.74296468,70.6711902,7.315783926,72,tomat
20.83288726,69.40442226,8.186105396,100,tomat
24.71419585,69.24647409,5.67201808,87,tomat
28.07599632,59.78959694,4.795845306,182,bawang merah
29.76319567,62.10221363,6.865246259,193,bawang merah
29.68144356,60.51192899,6.378980536,118,bawang merah
26.92291576,61.21847047,5.965640801,186,bawang merah
27.41790144,59.12217427,5.386006709,100,bawang merah
29.8416694,60.55244211,6.147477731,176,bawang merah
28.7688034,59.85414902,6.318213337,196,bawang merah
29.45087821,60.97446558,5.317602815,178,bawang merah
27.48005212,59.97646214,6.806975829,147,bawang merah
29.27007069,61.54724769,5.933294932,160,bawang merah
28.92607827,60.43166883,5.753007988,198,bawang merah
27.87278154,59.44103874,4.841105906,157,bawang merah
29.22392653,58.8879752,7.232817007,126,bawang merah
29.36791712,60.5214517,5.51056914,174,bawang merah
28.69673974,60.93373706,5.320796017,108,bawang merah
28.060568,60.47416391,5.86257568,150,bawang merah
27.90067924,60.42690266,7.096992382,135,bawang merah
29.20165197,60.23151127,8.902218078,170,bawang merah
30.11200006,60.26871636,6.231065687,123,bawang merah
28.14762106,59.69731863,6.255919974,167,bawang merah
27.37061377,60.10852395,6.375243205,108,bawang merah
29.27007262,58.18794949,7.505399524,172,bawang merah
29.8096567,59.53669764,7.168231396,143,bawang merah
28.61879774,60.68267005,5.903340654,123,bawang merah
27.84859163,60.19600899,6.144068894,120,bawang merah
28.75938348,59.76426572,6.060401172,148,bawang merah
28.76958795,61.25235715,7.098162197,174,bawang merah
29.52864313,60.44651154,6.633560569,114,bawang merah
29.11024654,60.61665422,4.967616792,103,bawang merah
27.51136533,58.33049025,6.768940423,149,bawang merah
28.82092416,60.14899077,6.62411372,195,bawang merah
27.94200661,61.85074893,5.948021585,176,bawang merah
30.09692079,58.792218,4.006882694,127,bawang merah
26.26017372,59.96723185,6.922346511,172,bawang merah
26.97868045,59.20672483,5.365663373,193,bawang merah
29.47002736,61.4625063,5.155189682,126,bawang merah
28.85072581,59.16070179,7.919034509,126,bawang merah
28.83648051,59.51986822,6.793374481,103,bawang merah
29.00988859,58.90512705,6.840441718,123,bawang merah
28.18008857,60.7194509,5.287278332,180,bawang merah
27.8171702,61.2080781,5.907982354,183,bawang merah
29.16264913,60.98772923,7.548223485,111,bawang merah
29.07875511,59.8080794,5.551624196,128,bawang merah
28.4130238,60.92618919,7.976870875,124,bawang merah
28.89196445,61.80164944,6.655379626,174,bawang merah
28.09510706,57.96834763,4.695087635,200,bawang merah
28.62678369,58.61324206,5.729907694,119,bawang merah
28.64850964,59.84263208,6.651063064,119,bawang merah
29.31506097,58.12071509,5.919917602,177,bawang merah
29.74501042,59.37997066,6.644006245,143,bawang merah
28.76874101,59.11826742,6.070249199,189,bawang merah
28.32148849,60.05304992,5.152399415,163,bawang merah
28.45707814,60.26751823,6.479396269,149,bawang merah
28.85860933,59.32744442,6.116477364,191,bawang merah
27.75141524,61.22468575,7.7076418,136,bawang merah
28.16483609,59.76096522,5.179301754,187,bawang merah
28.70561471,59.94659766,6.774240468,128,bawang merah
28.4689761,59.64055635,8.200021293,114,bawang merah
29.12758309,59.54928163,7.718080127,174,bawang merah
28.57982423,61.82385739,4.848693249,162,bawang merah
29.0966468,61.20143073,5.135742625,125,bawang merah
27.54659687,59.55189728,6.075016259,154,bawang merah
27.16716691,60.64143478,6.985281059,149,bawang merah
28.44746278,60.75755663,6.402274875,147,bawang merah
26.83347061,59.0150322,7.640800166,176,bawang merah
29.6452101,59.3126594,4.518315253,162,bawang merah
29.36288537,58.83475327,5.066931223,100,bawang merah
28.72051716,61.22328443,6.75324059,149,bawang merah
28.91482738,61.58849638,6.539027319,148,bawang merah
28.32006424,60.00897117,6.211544205,100,bawang merah
28.582896,60.78101988,7.11224201,108,bawang merah
28.46715693,61.11239487,6.248472897,156,bawang merah
27.51670602,60.81290417,6.770974585,147,bawang merah
28.52886985,58.82401369,5.827585566,112,bawang merah
27.88948277,58.73799763,7.807334949,156,bawang merah
27.23724992,60.91188554,6.317500844,181,bawang merah
27.45371773,59.74946908,6.534923651,194,bawang merah
26.83305516,60.25803685,7.297914428,153,bawang merah
27.63986797,60.21578114,6.995157585,170,bawang merah
27.64017436,60.20209629,7.489297162,153,bawang merah
28.45410772,59.0066356,6.018808354,179,bawang merah
27.39895308,60.53961063,6.504046503,111,bawang merah
30.05120352,56.97839562,6.778243448,111,bawang merah
28.51101768,60.2452845,6.388923295,123,bawang merah
27.26020759,61.29383714,6.079693624,198,bawang merah
28.18613382,59.8132527,6.487261075,198,bawang merah
28.67988648,58.75515936,8.876659992,130,bawang merah
29.23849195,60.69919606,6.39194683,178,bawang merah
27.90754138,58.89829726,6.256014923,185,bawang merah
28.3848095,58.90662741,6.573644089,171,bawang merah
28.73477898,61.24815275,4.658265272,108,bawang merah
29.66881707,59.08921948,5.824689458,197,bawang merah
28.243859,61.36320245,7.282532517,144,bawang merah
27.47730246,58.19082285,6.071687073,168,bawang merah
26.94945058,60.91032129,6.33191471,102,bawang merah
28.21687753,61.50241977,3.583841938,180,bawang merah
27.46037015,60.73843308,6.117215555,198,bawang merah
29.37091899,61.73722958,5.115751915,115,bawang merah
27.98968829,60.74601225,5.402709016,200,bawang merah
28.47279917,60.68003341,6.59474357,121,bawang merah
16.11576772,70.90567606,6.11731961,178,bawang putih
17.02501411,69.1821788,5.581492188,111,bawang putih
18.33703601,70.97907288,5.531424852,110,bawang putih
16.7764195,68.77337611,5.421441024,127,bawang putih
18.22944967,69.17847558,5.100137563,141,bawang putih
17.41330372,69.14241094,5.279786118,183,bawang putih
17.34072743,67.63685702,6.341657098,176,bawang putih
17.58622874,69.7110907,7.13545284,133,bawang putih
17.13146715,70.26750491,5.172968193,155,bawang putih
16.88983551,70.4408517,6.028857469,179,bawang putih
18.59095288,69.0239801,6.662278784,141,bawang putih
19.25155248,69.90932225,5.473409077,173,bawang putih
17.81041513,69.46336488,7.692383812,160,bawang putih
17.45124474,70.55094095,7.440521114,191,bawang putih
17.50917364,69.94457687,5.887694468,146,bawang putih
18.78458102,70.95099544,6.256629282,195,bawang putih
17.93051938,70.59507278,6.77954708,184,bawang putih
16.36905998,71.62560543,5.195424796,140,bawang putih
17.93163337,69.82848427,7.773848656,126,bawang putih
19.42970535,68.82720618,7.493581604,188,bawang putih
19.13612485,68.83533485,8.337384651,128,bawang putih
16.9495509,69.45322427,6.320220377,114,bawang putih
17.18595034,69.48385124,5.640953427,137,bawang putih
18.72796731,68.82867631,6.035423246,162,bawang putih
18.2973349,71.13117407,5.95136119,125,bawang putih
18.23560853,71.17161625,6.925197709,136,bawang putih
17.87693768,70.58028498,4.305050676,148,bawang putih
16.53872658,69.72815087,4.145216603,195,bawang putih
16.68535027,70.96829372,5.609250117,161,bawang putih
17.44760164,69.1882861,3.720471302,152,bawang putih
17.55891225,69.95634925,6.055838818,141,bawang putih
16.53737701,68.76069518,5.678250274,182,bawang putih
18.59569943,70.81925563,8.023477638,144,bawang putih
18.09354295,69.02895504,5.95401395,179,bawang putih
17.61689078,69.61206807,8.374371213,183,bawang putih
19.2336446,68.87748671,6.62563431,196,bawang putih
18.21153124,69.95131951,6.157347561,113,bawang putih
17.17727461,68.90023176,6.115536189,119,bawang putih
16.8118336,71.14643442,7.036448164,199,bawang putih
17.26974247,68.73695745,5.673398725,178,bawang putih
18.02999833,69.72386879,7.084786365,115,bawang putih
16.73429513,70.03722446,6.475413518,174,bawang putih
18.81869363,70.67333402,5.127434869,128,bawang putih
18.10412369,68.54386273,6.233020965,130,bawang putih
17.9122737,70.7446267,7.773317886,198,bawang putih
17.28901504,70.58199487,6.3246107,131,bawang putih
16.33005061,69.4064533,3.500155933,144,bawang putih
17.22792367,69.221533,6.112252743,161,bawang putih
18.44268745,70.4396989,6.835275597,189,bawang putih
18.95980406,69.21804876,7.617023438,120,bawang putih
17.6884396,70.6877682,5.695059124,136,bawang putih
15.92744805,69.60397126,6.455768362,184,bawang putih
17.90621626,71.46407727,4.733006934,183,bawang putih
17.43364694,69.13936987,6.37815071,147,bawang putih
16.25076869,70.25289116,6.521757026,155,bawang putih
17.56423889,68.86892952,7.552434527,120,bawang putih
16.0012945,69.62383052,7.260151083,198,bawang putih
16.57076811,69.28544484,5.528625699,162,bawang putih
17.0544537,71.65793205,6.140373662,118,bawang putih
17.14317613,70.02769088,6.437338562,158,bawang putih
18.64749005,68.47098809,7.240662788,111,bawang putih
17.5249805,70.76690231,6.17763861,160,bawang putih
14.95713667,69.64862653,6.427402376,129,bawang putih
15.66385068,69.4967039,8.27521855,154,bawang putih
18.00663169,69.15174882,6.581318308,190,bawang putih
18.20541956,68.97543136,6.644711223,185,bawang putih
18.98132501,71.63015662,6.444998887,112,bawang putih
18.18381091,70.80972776,6.14977701,146,bawang putih
18.12163134,70.69846184,6.408049339,112,bawang putih
17.00607906,70.83514388,6.087505034,173,bawang putih
16.88851437,66.56002175,6.285438183,184,bawang putih
17.00634366,71.97749249,6.0987777,168,bawang putih
17.20933741,69.51908847,7.059345418,159,bawang putih
17.65782422,70.04658755,4.784624518,132,bawang putih
16.72363525,70.41802283,5.745628262,143,bawang putih
17.01333307,69.70661883,6.300607941,198,bawang putih
16.05472874,70.72460038,7.549659931,118,bawang putih
16.54385313,70.69172604,6.251847604,176,bawang putih
17.04183255,70.60352733,4.713593948,132,bawang putih
16.5427653,69.51373996,6.191900155,125,bawang putih
17.57580766,68.34717687,7.307857377,123,bawang putih
17.75143766,69.98901281,7.157442873,138,bawang putih
15.69718673,72.82239962,7.54195596,142,bawang putih
15.99893483,67.44589354,6.935416283,191,bawang putih
17.73321948,67.9028475,6.907011903,196,bawang putih
18.09156786,70.79136927,6.399500545,197,bawang putih
18.65752073,71.53399975,5.076369776,122,bawang putih
19.30899035,70.45543875,5.34603702,130,bawang putih
17.85681346,69.20683947,6.204402978,136,bawang putih
16.8264482,70.91356258,7.73439734,159,bawang putih
16.25460314,70.08352834,6.607938151,142,bawang putih
17.02815443,68.25555139,5.350348546,129,bawang putih
19.62829168,69.62255621,6.373918785,171,bawang putih
17.12734366,69.22875555,6.769574153,162,bawang putih
19.08693602,69.71614958,4.955497515,153,bawang putih
18.54289961,71.05844159,6.519174016,193,bawang putih
18.7521189,70.63663303,7.327839372,135,bawang putih
18.18636894,69.86141491,8.060649131,157,bawang putih
16.58072239,68.52036738,6.028678804,169,bawang putih
16.65031331,71.99730988,6.858560746,176,bawang putih
25.88731331,85.38637753,5.357536111,197,terong hijau
27.02224389,84.18863878,6.201338203,108,terong hijau
26.0186339,85.370145,5.845174315,130,terong hijau
26.3700678,85.37407545,6.670874717,175,terong hijau
24.67814048,82.91175852,6.967668569,165,terong hijau
25.31857507,84.86421799,6.075828471,183,terong hijau
23.85584196,84.00026737,5.950849008,199,terong hijau
26.0603242,87.20822585,6.367104274,124,terong hijau
25.97159777,84.45879856,6.069215128,189,terong hijau
25.16510165,85.26727819,7.472050513,92,terong hijau
24.29418508,85.08131812,5.752481918,127,terong hijau
24.13357556,84.2765674,6.179016065,97,terong hijau
26.02994282,85.08987921,5.033042078,168,terong hijau
27.39010784,82.50517199,5.544429099,117,terong hijau
24.52387782,87.01967331,7.297241347,183,terong hijau
25.64621996,85.89258201,4.637403443,189,terong hijau
29.16588328,83.91240047,6.462873068,184,terong hijau
26.89903641,85.20847946,7.653645223,156,terong hijau
25.66167698,85.2189852,5.498666427,199,terong hijau
24.83085577,84.11517611,7.527115849,127,terong hijau
25.90943612,85.0713038,4.942641066,158,terong hijau
24.33229643,85.1982395,6.949539381,119,terong hijau
27.41620385,84.00316781,6.891381729,86,terong hijau
27.14471339,84.66366016,4.146145041,137,terong hijau
25.44591329,84.75655941,8.043563005,99,terong hijau
25.79919338,85.44285742,4.714000101,151,terong hijau
25.99322657,85.60373627,5.687113852,200,terong hijau
26.17950992,83.39140176,5.941454446,178,terong hijau
26.15186579,85.77016361,5.476948311,137,terong hijau
24.0793023,85.12011521,5.817198722,187,terong hijau
26.89962182,84.83891223,5.717971421,88,terong hijau
25.58576837,85.39367467,6.052598521,137,terong hijau
25.8532111,84.08590672,5.153994163,133,terong hijau
25.94945993,84.12257924,5.246365531,155,terong hijau
26.01635287,85.4034607,6.582858853,99,terong hijau
26.74753645,86.025326,5.710978541,92,terong hijau
27.67423969,85.89981041,7.222522734,187,terong hijau
26.29353581,87.03170351,6.038116246,125,terong hijau
27.15156224,84.24893762,8.466744237,145,terong hijau
25.86800029,86.53422946,3.903091393,156,terong hijau
24.21732825,84.90072113,5.392136814,109,terong hijau
27.73539743,84.39139828,5.920410236,122,terong hijau
26.15023445,85.5794079,6.591696026,109,terong hijau
27.00464097,86.57608105,6.219222094,137,terong hijau
24.54945686,83.53439715,8.573481694,177,terong hijau
23.64852401,84.42071525,6.595338471,125,terong hijau
26.93482777,85.02705136,6.582858949,146,terong hijau
25.26649338,84.50225796,6.767999733,140,terong hijau
25.63949362,86.17821512,6.182418628,185,terong hijau
26.36726586,86.50923715,5.619613188,102,terong hijau
26.24038649,84.15503303,5.672691844,123,terong hijau
25.75784735,83.8981608,6.712292436,88,terong hijau
26.35999799,85.88532307,6.759039538,200,terong hijau
26.05835692,86.13461499,6.069642209,138,terong hijau
25.50441402,85.30427579,5.590345346,115,terong hijau
25.34602351,82.42464832,5.660025983,153,terong hijau
25.8990603,85.24155523,6.06289937,168,terong hijau
25.84749267,86.40938697,5.45980292,122,terong hijau
25.63874206,84.51341644,6.606213971,100,terong hijau
25.7409845,86.29012566,7.34558682,191,terong hijau
27.68506211,86.16342179,7.612413354,86,terong hijau
27.43491506,84.04390411,5.04365311,87,terong hijau
24.90408325,85.81466998,5.599366871,90,terong hijau
27.42106926,84.01189436,4.844372112,109,terong hijau
26.66418012,86.75795249,6.60689086,160,terong hijau
25.538267,84.30500862,6.658643274,89,terong hijau
26.67736928,84.66430923,6.742318467,148,terong hijau
25.75926118,83.80828206,8.426917316,107,terong hijau
26.65819003,85.09697177,7.438645097,103,terong hijau
26.6076663,85.00651896,6.24126071,97,terong hijau
23.95605585,85.31862792,7.08951526,108,terong hijau
28.85435653,86.19834776,6.331956371,177,terong hijau
28.01952001,86.65498052,5.268340626,186,terong hijau
27.10223132,85.41429254,7.558654172,144,terong hijau
26.47747507,85.97583862,4.701825706,145,terong hijau
25.26600936,85.70083061,6.047528369,142,terong hijau
24.7279138,82.91318734,6.444835356,94,terong hijau
23.42898014,85.70681685,5.953860634,175,terong hijau
26.45320234,85.72104171,6.402552215,117,terong hijau
26.66622329,85.76306562,7.037343912,153,terong hijau
26.88996368,84.97203043,6.581444846,200,terong hijau
26.05454237,85.06541875,6.258005017,142,terong hijau
27.38320731,84.53211563,6.044424567,137,terong hijau
26.62063579,84.64095677,4.915326346,102,terong hijau
25.3034101,84.96012728,6.024228508,146,terong hijau
25.98837202,86.13332174,6.548157657,195,terong hijau
25.52441626,84.91902401,5.611266816,181,terong hijau
25.36812866,84.54419383,7.168444464,108,terong hijau
25.50323102,83.76305747,7.373193687,135,terong hijau
24.66593833,85.6099797,6.020288144,140,terong hijau
26.1828381,85.44993125,6.3057016,152,terong hijau
24.8199774,84.28052597,5.602685711,122,terong hijau
24.97983723,85.1352771,6.252289464,105,terong hijau
24.65153682,84.85888031,6.225290806,158,terong hijau
27.48032719,86.19897766,6.470635588,152,terong hijau
27.13076811,85.75782575,6.91977433,196,terong hijau
23.88710813,85.33467444,8.15214819,184,terong hijau
24.16847774,85.45889011,6.068758903,160,terong hijau
25.43792042,85.61241332,5.542178745,127,terong hijau
25.27492145,85.6713321,5.670464765,169,terong hijau
25.63385902,72.81523803,4.862869849,145,terong ungu
27.80278226,71.42850979,6.652393347,126,terong ungu
27.07434856,71.59414488,6.033874789,178,terong ungu
26.55232726,72.3124825,5.312114868,132,terong ungu
26.1463035,73.28237584,3.757837102,114,terong ungu
26.18235709,72.57025455,6.725055264,120,terong ungu
25.18265068,72.25895954,4.26116529,161,terong ungu
26.09917384,71.39823623,7.549169108,165,terong ungu
25.58692317,72.66083823,7.530502783,129,terong ungu
27.59114472,72.85710485,7.533559322,193,terong ungu
26.17066453,73.62809482,6.203711512,101,terong ungu
27.12219384,72.32079687,7.29738704,116,terong ungu
26.99304837,73.90281395,7.325634625,163,terong ungu
26.67810838,71.39112212,4.898167491,126,terong ungu
25.4395055,71.46702437,6.569048063,122,terong ungu
26.82655906,72.91659228,7.380694224,170,terong ungu
25.75091903,72.7137366,6.658011456,141,terong ungu
27.0880552,71.75003764,5.942294692,198,terong ungu
26.40713609,74.06603468,7.533406314,119,terong ungu
26.46313933,72.63053486,4.377342594,156,terong ungu
25.46097893,71.96060507,7.446221814,190,terong ungu
27.14694654,72.23103738,4.818694626,85,terong ungu
26.25420232,69.58428956,4.729532001,123,terong ungu
26.46776913,71.37690978,7.686662243,185,terong ungu
27.62731266,72.04255304,7.393369587,91,terong ungu
28.47973313,72.25784843,5.403006996,184,terong ungu
25.88783995,73.00314486,5.216259961,106,terong ungu
23.95187054,72.50298141,5.266101569,123,terong ungu
26.82340722,72.60700966,5.839398241,140,terong ungu
23.51992005,74.68005422,4.628065183,187,terong ungu
26.26476101,73.01563229,5.085131251,178,terong ungu
26.93584107,70.04049668,6.168949486,127,terong ungu
25.98856332,72.38785909,6.751038475,140,terong ungu
27.068893,70.83217575,6.094959,180,terong ungu
26.7253537,72.08215627,6.134739581,158,terong ungu
26.77764321,73.09513656,7.675613116,178,terong ungu
24.8557284,71.97859388,7.125785238,186,terong ungu
25.89283516,72.93502963,5.810341857,96,terong ungu
26.23329968,72.81350206,7.4333589,124,terong ungu
23.98291055,72.9642979,6.165694998,166,terong ungu
27.3267384,72.17388053,6.301267446,139,terong ungu
27.45869807,74.38966377,8.582507101,164,terong ungu
26.32121118,73.26119953,6.693495793,160,terong ungu
26.85056566,73.44307955,6.750836514,159,terong ungu
25.08798806,71.47195015,4.649747735,177,terong ungu
25.8114877,72.83019644,6.311506495,86,terong ungu
26.72008055,72.65650468,4.851410197,152,terong ungu
26.17101396,72.83287168,5.939255821,177,terong ungu
26.34911659,73.14268647,6.366924556,124,terong ungu
24.48842843,74.43834718,7.160308445,115,terong ungu
24.86755296,71.37299043,5.056158557,171,terong ungu
27.54149862,69.94609029,7.792354429,175,terong ungu
25.32461407,71.98621666,4.432369489,179,terong ungu
25.25836665,72.67129637,6.631303369,175,terong ungu
26.35963664,72.45974474,5.72546214,85,terong ungu
23.6272124,72.60179096,5.254630926,183,terong ungu
28.07832899,74.48077976,6.19398982,98,terong ungu
26.57744863,73.04580586,6.282420437,114,terong ungu
26.41153245,73.84131654,7.75513547,200,terong ungu
24.70744411,71.36239693,5.340237933,113,terong ungu
24.5017502,73.00128386,4.119550596,189,terong ungu
26.845545,72.45374116,5.987705007,189,terong ungu
26.72426065,73.62707833,5.579722981,112,terong ungu
26.68161845,72.6981696,6.660137436,138,terong ungu
26.3588118,74.20284044,4.88330872,182,terong ungu
25.11721579,73.99258261,5.538532384,152,terong ungu
24.84201712,74.02343319,7.752504681,176,terong ungu
25.669856,72.1774378,6.115446544,145,terong ungu
25.99711672,72.30960224,3.850932474,135,terong ungu
25.66015428,72.13776371,5.880877138,112,terong ungu
27.37392861,72.00499062,6.757237497,138,terong ungu
25.46940473,72.28986533,7.768957515,170,terong ungu
24.54371026,72.47167568,5.963578783,108,terong ungu
26.05338848,70.11754721,6.134909881,101,terong ungu
28.48804696,72.13195242,4.28468893,128,terong ungu
26.26658348,72.66096488,6.002136057,104,terong ungu
23.95086335,73.16302643,7.962961602,192,terong ungu
25.97742067,71.78013773,5.141301893,134,terong ungu
25.35700416,72.13140099,6.889677696,174,terong ungu
24.52361318,73.1110714,5.769797218,143,terong ungu
25.84992076,72.1889064,6.348952057,112,terong ungu
26.87878645,73.01811426,3.865961409,144,terong ungu
25.37906084,72.23113436,6.629962542,160,terong ungu
24.40764611,72.70835421,6.494988312,117,terong ungu
25.68398741,74.14188689,6.063591952,133,terong ungu
27.33608089,72.04930542,6.598725147,145,terong ungu
25.13743268,73.64541878,6.417118149,124,terong ungu
24.66665402,71.64696324,5.512495407,92,terong ungu
24.95588078,71.22757869,7.049297385,191,terong ungu
28.01752983,72.77005808,6.189586239,104,terong ungu
26.40583049,72.9612639,7.273693651,195,terong ungu
27.70551522,72.57687894,6.182960176,182,terong ungu
24.52008575,73.81602927,6.802243201,117,terong ungu
26.94886116,71.5647186,8.659665409,119,terong ungu
26.79209772,72.19869698,7.189436725,196,terong ungu
28.19799301,71.93219276,5.166718291,185,terong ungu
25.33988685,72.31247318,4.556937966,174,terong ungu
25.55080512,73.5632411,7.280212725,107,terong ungu
26.26372782,71.88991996,7.399030097,158,terong ungu
24.90025956,72.52839836,4.890970996,88,terong ungu
24.18515246,66.43948604,6.708313159,393,mentimun
24.29699841,65.86586089,7.549857124,318,mentimun
22.42198031,66.27611687,5.784754303,260,mentimun
22.36562739,67.03349246,5.138902614,237,mentimun
23.38602051,67.48288053,7.994441239,368,mentimun
23.77019096,68.38149326,8.112188954,306,mentimun
25.51729769,68.21543586,6.449592213,342,mentimun
22.28223201,66.60891261,7.03439842,231,mentimun
23.76880976,67.89809846,5.479508753,374,mentimun
22.42986428,65.6416787,4.99973826,315,mentimun
24.12572596,68.27020509,5.497209693,352,mentimun
23.70069468,67.82592229,7.01218675,324,mentimun
22.78240921,66.64053406,6.161928963,332,mentimun
22.07987782,69.08844613,5.501340982,241,mentimun
23.37237517,65.68186797,5.878460015,395,mentimun
24.78833408,67.50396967,7.024378004,338,mentimun
23.95704317,68.4812197,6.558238287,276,mentimun
24.26275813,67.45732615,8.169367906,383,mentimun
25.19259308,67.02832281,5.45437997,400,mentimun
23.46421649,68.18424027,6.880745779,393,mentimun
23.29854249,68.62573403,4.635744764,217,mentimun
23.75242669,66.56629455,6.194030916,250,mentimun
23.87908839,67.65961881,7.257499607,243,mentimun
22.36329333,66.73910406,6.372958897,307,mentimun
23.58059865,66.90645746,5.663267594,345,mentimun
23.43821631,68.79024599,6.952505048,211,mentimun
23.36723618,65.65963422,7.297115804,274,mentimun
24.08109455,65.74063028,8.172122687,382,mentimun
23.30381928,67.84663016,5.949873629,209,mentimun
24.90983762,66.86944179,5.830669126,207,mentimun
24.54689301,67.19318062,5.55021639,313,mentimun
22.14586507,66.5977937,5.271285333,331,mentimun
23.13321417,66.88960354,6.495977029,256,mentimun
23.28532232,67.0183367,6.369339114,251,mentimun
22.95333652,69.07041529,5.908965678,380,mentimun
26.04473186,66.05720114,6.62427668,292,mentimun
23.67300674,68.79785068,6.300158495,335,mentimun
23.46638515,66.1354371,5.099668247,273,mentimun
23.10593257,65.70686117,7.0107819,399,mentimun
24.51508895,67.17927614,6.487563656,304,mentimun
25.56507117,66.91686243,6.087551796,277,mentimun
25.7389867,68.04103157,6.666457955,202,mentimun
24.06357008,66.9329375,6.7205804,299,mentimun
25.32851829,68.28450724,4.906554635,223,mentimun
24.98513696,68.63218858,5.620415122,270,mentimun
22.66240569,68.66467402,4.70552659,311,mentimun
22.86289548,66.69760961,5.87902398,307,mentimun
22.27301493,66.94609319,6.393111666,224,mentimun
23.93925506,68.11269829,5.716995773,371,mentimun
24.87418268,66.50739323,6.468593225,201,mentimun
24.04569872,67.32989326,5.553644862,312,mentimun
25.64987864,66.58679768,7.02237684,233,mentimun
25.01735382,65.9355566,5.50444128,312,mentimun
22.45460739,68.27755482,6.495857346,254,mentimun
25.32748839,68.32156468,7.687591102,370,mentimun
23.07138929,66.49878629,6.37286195,293,mentimun
21.58752495,68.51353523,5.74236322,335,mentimun
23.60202658,68.03811103,6.429214136,355,mentimun
23.35389976,67.97516045,6.562292757,241,mentimun
23.53010392,65.88464294,7.159575261,338,mentimun
24.41015451,66.53131006,5.892223615,330,mentimun
23.26425296,66.89076726,6.926175536,391,mentimun
24.12202441,67.7184337,7.028850496,200,mentimun
23.6256201,69.23342825,5.652136446,350,mentimun
23.35767959,67.32183039,6.248413719,341,mentimun
23.92974757,65.60553548,6.503931428,330,mentimun
23.34452556,68.01549073,5.156476889,344,mentimun
26.64122029,66.20766307,8.254430176,214,mentimun
23.1983299,68.4378496,6.621418803,381,mentimun
22.48479108,66.95347639,7.292583598,385,mentimun
24.11673209,69.26734306,8.476667197,351,mentimun
23.52869311,67.15694911,6.926276577,352,mentimun
24.48032488,68.28967039,7.411303766,248,mentimun
24.14450643,67.65850528,6.447028159,344,mentimun
24.52077762,67.61882928,5.969993416,391,mentimun
25.19846202,66.90940321,7.921464373,225,mentimun
22.07925863,65.699043,3.634301327,293,mentimun
23.42220657,66.65078515,6.838248348,345,mentimun
22.63577519,66.28242419,5.671463234,333,mentimun
24.18850714,65.50577846,7.068174357,211,mentimun
22.69418844,66.57519668,5.425306126,361,mentimun
25.66075333,67.76587844,8.013464047,373,mentimun
23.78184859,67.8149402,7.189653721,369,mentimun
23.02675477,67.28187583,5.73299278,236,mentimun
23.95604697,67.06787915,5.063978737,210,mentimun
23.31268349,68.38168592,5.009245393,233,mentimun
25.98950688,68.13752026,5.503387872,350,mentimun
23.86190777,68.26998294,5.565688356,216,mentimun
23.67059987,67.58956853,6.732116759,305,mentimun
24.19551682,67.41036368,7.146368014,218,mentimun
23.81376087,68.69817691,7.481807358,245,mentimun
23.5735156,66.96430386,7.557620378,331,mentimun
24.42033986,63.06766084,5.651392383,306,mentimun
23.29558458,66.65333004,7.471822829,215,mentimun
25.22626905,66.96843494,7.009194954,326,mentimun
22.13739574,68.31270753,5.671684022,237,mentimun
22.73023017,67.00032283,6.63892716,399,mentimun
24.05785938,68.43073424,6.648187243,344,mentimun
23.57444339,66.63241511,5.760166154,311,mentimun
24.46057406,68.39595309,6.157968864,399,mentimun
25.11351224,68.60110342,6.249432212,171,jagung manis
24.5537536,69.69158047,8.165480623,189,jagung manis
26.13305642,66.55254088,6.676653964,131,jagung manis
25.34552504,67.84633309,5.764618023,124,jagung manis
25.12193781,67.89539783,6.152140703,145,jagung manis
26.37493401,68.26589929,4.734076082,118,jagung manis
27.24024955,68.0859182,5.834334447,136,jagung manis
24.4537203,68.75107422,6.875903616,108,jagung manis
26.7499669,67.45925717,6.28175308,100,jagung manis
25.51883151,66.96122367,5.414677756,136,jagung manis
24.85132651,67.17020855,7.985156969,103,jagung manis
26.67263208,68.39612897,6.353124814,141,jagung manis
26.83401396,67.2022143,6.100095173,159,jagung manis
26.20480333,66.83907707,7.910428135,147,jagung manis
27.22538089,67.93540789,6.537499787,141,jagung manis
26.8372837,66.81122387,7.142023426,135,jagung manis
23.08928156,68.24092217,5.536426993,181,jagung manis
25.49091866,67.85950755,6.849009553,133,jagung manis
24.54341186,67.84329374,6.058400354,185,jagung manis
25.54562848,67.04040673,6.482443702,104,jagung manis
25.94426891,67.09688956,6.995907466,153,jagung manis
25.87990569,68.26023435,6.942584511,142,jagung manis
25.2212005,68.2544071,5.707731696,199,jagung manis
23.33610548,66.66892316,7.192943256,133,jagung manis
26.11170994,67.14309181,6.361793911,165,jagung manis
27.46409048,67.14230307,6.997017855,200,jagung manis
25.32728118,65.78884889,6.396394807,191,jagung manis
24.5468751,66.4196906,5.720858993,200,jagung manis
24.11658529,66.49560914,5.065781495,156,jagung manis
25.62478165,68.254841,5.152416981,150,jagung manis
25.27962055,67.17215225,6.935386134,168,jagung manis
27.33477465,66.56014941,7.961832147,127,jagung manis
24.20451527,66.88402304,4.074057625,162,jagung manis
24.99991837,67.29748385,5.488540064,125,jagung manis
25.47552851,67.51963678,6.798529904,158,jagung manis
24.72942294,68.41558626,6.111281992,171,jagung manis
26.12701898,67.49633823,7.313517541,178,jagung manis
25.67865899,68.78958677,7.578774919,174,jagung manis
25.69263124,69.22171753,6.824586989,165,jagung manis
24.43341029,67.39630437,7.589650137,113,jagung manis
24.94668921,67.86087711,9.62046838,147,jagung manis
24.87090167,67.92600141,7.782449479,132,jagung manis
25.64891796,68.14012907,7.048214529,183,jagung manis
25.1727519,67.64077794,7.573073475,183,jagung manis
25.61340375,67.05156905,7.03494244,178,jagung manis
26.69799629,65.91435803,5.225249623,186,jagung manis
25.32028407,67.59233706,7.123297339,135,jagung manis
25.07745317,67.43306123,6.007204947,112,jagung manis
24.84535148,67.86937306,7.365576314,155,jagung manis
26.67032328,68.58695912,8.543219346,119,jagung manis
24.91782697,67.69156117,6.53818578,155,jagung manis
24.15161679,67.168909,7.575810061,135,jagung manis
24.51264814,68.22162634,6.916840996,193,jagung manis
24.81197446,66.12100568,6.410559003,190,jagung manis
25.19266488,66.69137754,8.164705463,199,jagung manis
26.68347943,67.83703204,5.692410136,141,jagung manis
24.26119004,68.35951314,6.83772286,130,jagung manis
25.76498649,66.21188914,7.003272337,105,jagung manis
25.09989177,68.25354338,7.235003333,181,jagung manis
26.5351649,67.04640281,6.630282324,135,jagung manis
25.42822788,67.5801478,5.938409167,190,jagung manis
26.86798632,67.09651512,6.088700347,188,jagung manis
23.67661197,68.17416851,6.773013901,124,jagung manis
24.3317751,67.29572203,6.979230976,185,jagung manis
26.29558755,67.08688648,7.527937438,112,jagung manis
24.97400872,67.22847482,7.811510879,158,jagung manis
26.81138374,67.81386317,6.61833215,109,jagung manis
25.67361985,68.75743996,5.819262031,200,jagung manis
25.17009516,66.3331261,7.618882957,153,jagung manis
24.50507849,67.787307,4.080852693,112,jagung manis
25.39084011,66.5267906,5.81801978,118,jagung manis
24.62067885,67.2843745,6.752729523,182,jagung manis
26.29466499,66.91809555,6.972462468,183,jagung manis
26.56153734,67.67320095,5.365642099,163,jagung manis
26.59486519,64.54549273,7.122678052,104,jagung manis
26.35704762,68.79988794,5.259854411,129,jagung manis
24.61479585,66.41801962,6.70846451,123,jagung manis
26.25308614,65.69051911,5.260648346,149,jagung manis
23.96207328,67.4188951,8.084651877,130,jagung manis
25.13630003,66.95876517,7.123759184,147,jagung manis
27.02458114,67.36484472,6.799935849,174,jagung manis
25.53984657,68.18918368,8.087112779,100,jagung manis
25.1426217,68.14614975,8.461016947,136,jagung manis
25.78524385,67.8830457,6.243403876,170,jagung manis
25.25128463,67.46037202,7.76726543,134,jagung manis
24.88356768,65.90936713,7.601516181,160,jagung manis
24.2384425,66.4757068,6.638186384,196,jagung manis
25.32057763,66.04360313,7.500357457,200,jagung manis
25.56622181,67.66044883,8.658514893,162,jagung manis
24.58681797,66.03664692,6.640420789,104,jagung manis
23.93633775,67.25499242,7.14020441,181,jagung manis
24.52175664,66.45765713,6.580906996,173,jagung manis
25.62749882,66.95144961,6.269037412,130,jagung manis
25.96876295,67.67699209,6.609490808,159,jagung manis
27.19006944,66.32513911,6.937580658,194,jagung manis
26.86817524,66.28364989,7.171664901,167,jagung manis
24.94578911,66.10797175,9.083336117,154,jagung manis
24.85074846,67.11039809,8.19672022,132,jagung manis
23.76949115,68.4964125,6.538472902,135,jagung manis
25.46395497,67.76511367,7.809485488,109,jagung manis
20.94809261,85.92989202,5.84140983,256,kentang
20.02070741,85.60793068,4.814088009,234,kentang
21.37557283,83.01606782,7.15884347,274,kentang
23.40784945,85.41592539,6.976490623,295,kentang
18.67314816,84.96943249,6.194812736,258,kentang
22.05992262,86.59068115,5.947385082,276,kentang
20.78411273,83.95367919,8.010828826,219,kentang
22.52655152,85.04756459,7.040332035,291,kentang
20.51452516,85.5906954,6.59987632,242,kentang
21.82179075,83.76713161,4.45997827,298,kentang
20.66370441,84.45794932,6.903448047,272,kentang
20.92738967,86.6475538,6.784406667,266,kentang
21.76004746,84.0450874,5.986473259,205,kentang
20.6477486,82.75896031,5.564481721,288,kentang
22.56937084,86.1422953,6.831148166,293,kentang
20.44141064,83.62999134,5.987712344,214,kentang
21.88680248,84.5003865,7.392246761,240,kentang
20.35396553,84.21888536,7.723251436,297,kentang
22.20123073,84.51837323,6.810015889,248,kentang
20.36279639,83.74105659,6.351356863,215,kentang
19.9806715,83.88263048,5.769790724,239,kentang
21.61038242,85.79643649,7.851587849,300,kentang
20.47173341,85.25293671,6.27106001,213,kentang
21.04310162,85.69436265,4.770518251,238,kentang
23.21390177,86.02765579,6.313403295,283,kentang
20.63811876,85.04507381,5.976475756,252,kentang
19.60497933,84.99828769,5.129452972,290,kentang
19.62397192,84.74598286,7.164340046,206,kentang
21.80556045,83.76279002,5.579972503,207,kentang
23.29658745,85.58795376,7.68123028,258,kentang
21.74449188,84.35104152,6.496283574,239,kentang
21.45596823,83.8807473,4.021684969,234,kentang
19.89098374,86.80039732,4.067749951,250,kentang
20.99933201,84.88071735,5.750646023,275,kentang
19.64967967,84.31008947,6.514962215,267,kentang
20.75513319,85.34423765,7.321264257,281,kentang
20.23755354,86.16429259,7.219549563,231,kentang
21.93716779,85.16782773,6.649364542,210,kentang
20.97112816,85.80355962,5.731384871,213,kentang
20.8828659,85.15247388,6.404381874,298,kentang
21.46805718,85.30818935,8.227196532,300,kentang
21.25445776,83.99249162,7.160631255,286,kentang
21.52540913,82.89101272,5.198492745,244,kentang
21.95910092,85.31752277,6.170027452,219,kentang
22.4077588,85.97556343,5.236375082,212,kentang
20.27987299,85.56369982,6.295331126,211,kentang
21.02551007,82.8338532,7.34586646,210,kentang
20.45131968,83.74423703,7.460802605,298,kentang
20.94052789,84.619767,6.45730328,265,kentang
19.63987197,85.95343931,6.48379199,258,kentang
19.22877304,83.23923136,6.775722453,284,kentang
20.96300836,83.73264959,5.976298242,273,kentang
21.86294696,83.7727527,7.399006927,210,kentang
21.22844978,84.72207288,6.646465669,233,kentang
20.66307882,85.97477038,6.213421806,230,kentang
20.03433766,85.67999714,4.502852557,300,kentang
20.84789529,85.4132755,5.143047933,243,kentang
22.31115043,86.78239854,5.031778467,222,kentang
21.43296479,84.56215933,6.205843691,285,kentang
19.19948681,85.0935398,8.724443046,228,kentang
21.85029781,85.81056112,6.021071977,224,kentang
21.36454493,85.1004773,5.291305597,299,kentang
22.15672623,83.75745411,6.711379143,255,kentang
20.75849864,83.13570448,6.235666038,298,kentang
21.49293811,85.73735441,5.935718648,233,kentang
21.59668673,86.20247269,7.837561781,234,kentang
21.32108883,83.64737024,7.663120863,242,kentang
20.84341822,85.36134539,3.902692685,251,kentang
19.99646686,83.43990187,5.723499767,225,kentang
20.4234159,84.90098401,5.693664983,270,kentang
20.48310245,85.95184124,5.719594809,218,kentang
19.89198377,84.79648357,6.553569747,231,kentang
21.16774985,83.94398908,5.551571259,263,kentang
21.70641334,84.58110392,5.571156815,287,kentang
19.52836907,85.34479716,5.455605086,243,kentang
21.19965518,85.21789953,6.042366362,206,kentang
21.18411917,84.38630424,4.788611817,246,kentang
19.68148571,85.11457839,5.835515228,273,kentang
20.25991929,84.96857661,7.776609906,248,kentang
20.33919822,84.10118995,6.966715011,281,kentang
20.1218436,84.92211005,8.427401478,265,kentang
22.20141729,82.95548434,3.543206279,203,kentang
20.99691142,84.84746972,6.966417127,208,kentang
20.58419932,84.15816652,6.809653625,230,kentang
20.75297702,84.45840535,5.387722337,224,kentang
18.64031914,85.52602876,6.641366257,222,kentang
21.49084175,85.45357764,6.352799186,280,kentang
18.92716777,85.15410218,7.346690396,266,kentang
20.82306377,87.13408138,7.571169538,252,kentang
22.83973442,84.5784877,6.739671905,265,kentang
21.68028095,86.49894862,4.2877058,250,kentang
21.80376572,85.40421805,5.186057518,239,kentang
20.86301029,85.43700363,7.800810045,242,kentang
21.29252158,84.38863684,7.003219119,290,kentang
20.73452729,84.63177907,6.050639161,256,kentang
21.26254025,84.75758935,6.977917017,287,kentang
20.89581299,84.73250408,5.148025321,206,kentang
21.23805836,85.7607717,6.034784523,239,kentang
20.34884584,83.82256804,6.303969469,225,kentang
21.08434812,84.84884243,6.84790103,274,kentang
28.7182265,62.11896419,5.588274021,71,singkong
31.33823743,62.65176641,6.455284652,71,singkong
29.07651051,62.20094619,4.407706869,78,singkong
29.38941492,63.05312701,6.717009135,86,singkong
29.3651171,63.15670528,5.266986382,67,singkong
30.3186614,62.9009026,6.913047567,70,singkong
29.22252608,61.70103847,4.647348443,86,singkong
29.785422,62.71779046,4.602824151,69,singkong
31.25546695,61.39337127,7.941260482,85,singkong
30.15671939,61.91667125,5.282049648,72,singkong
31.37475873,61.33510906,5.346397504,65,singkong
32.72557787,62.90036574,6.080266688,65,singkong
30.72371924,64.06319755,4.959273428,75,singkong
29.27631741,61.51523605,6.72484907,70,singkong
30.53687349,63.30194999,5.936449326,74,singkong
28.63903926,62.47884478,5.500924339,80,singkong
30.45936331,60.40054609,7.237959529,86,singkong
31.98829296,62.48785682,6.542925436,70,singkong
30.20899252,62.04265166,6.379029145,68,singkong
30.44009419,60.83161296,6.183022198,66,singkong
29.87739519,63.6035232,7.258177186,79,singkong
29.69774885,63.91248645,6.406057844,71,singkong
31.05145536,61.66162468,7.282145122,70,singkong
29.08856128,63.30503819,6.205407689,74,singkong
31.74720163,61.19625401,6.346761867,84,singkong
30.54363164,63.89809203,4.340878228,86,singkong
29.24645077,62.67810188,6.69194378,86,singkong
29.25152801,62.0453513,7.004097467,79,singkong
30.36096551,61.76290238,6.625768395,87,singkong
31.13683945,62.57578163,7.339236633,71,singkong
30.36422715,61.75356313,7.265867763,69,singkong
28.48906396,61.07311274,5.498739878,79,singkong
29.22924298,63.17395683,5.429379117,89,singkong
28.08952252,62.80926348,6.016831938,74,singkong
31.6422617,64.07055467,6.97582891,84,singkong
29.58370774,62.52364484,4.822162745,73,singkong
30.87009585,62.82016649,6.913061785,79,singkong
29.88279541,63.26973513,5.154019468,73,singkong
31.46030745,61.69413376,7.745048161,70,singkong
29.80934608,62.5065484,6.609623759,69,singkong
28.96444819,61.66961394,5.866142909,75,singkong
30.56657818,62.48497095,5.639411042,88,singkong
29.35025838,63.15163229,4.911544797,90,singkong
30.02254017,63.18785153,5.177140338,73,singkong
30.20701882,62.27159556,4.669011434,65,singkong
30.24759914,62.51100579,6.454580602,83,singkong
30.59518512,61.49086712,4.911245065,80,singkong
28.98482791,62.48513797,4.857019463,87,singkong
28.8926486,63.15128046,6.057098076,68,singkong
29.53378429,60.8326773,4.960116225,66,singkong
29.51611524,62.29505726,6.653699099,65,singkong
30.53139626,62.18065688,7.859726996,88,singkong
29.57619345,62.2250141,4.991428153,66,singkong
31.40508421,61.94047921,8.01342559,68,singkong
31.36046596,62.63863198,6.223094951,89,singkong
29.51617413,61.39519486,7.317732533,76,singkong
29.94725542,61.45715346,8.167275343,69,singkong
30.05256332,62.19089299,8.653380438,67,singkong
31.87352452,60.3564269,6.271050493,66,singkong
31.07537688,62.54064911,8.498057112,75,singkong
29.99198299,62.41350908,6.689984735,69,singkong
29.72381596,62.39886216,7.499922252,76,singkong
31.05510476,63.70017242,6.50685217,67,singkong
28.75765944,64.33183549,5.28589311,82,singkong
29.00161294,61.42570107,6.127950102,67,singkong
29.49929066,62.19916542,5.168932581,90,singkong
30.32997766,63.34048758,7.669928245,88,singkong
31.36273861,63.52347733,5.119866398,80,singkong
32.05878241,62.82951455,7.297345985,70,singkong
30.77670233,61.25869181,6.843418787,83,singkong
30.23951473,60.94291445,6.658986157,68,singkong
28.97542567,61.7820376,5.647097367,71,singkong
28.70624943,63.73693415,4.174963318,65,singkong
28.70993372,62.61633566,8.10906974,80,singkong
29.46523609,63.7634003,5.374236914,68,singkong
29.09356654,63.92855837,6.663920549,83,singkong
29.7160434,60.9597617,6.240212316,77,singkong
27.33627308,60.864146,6.171993142,80,singkong
30.35551625,61.96425448,6.867724517,69,singkong
30.04681777,63.5520443,5.341586123,85,singkong
29.34775513,63.76942411,7.555745067,89,singkong
28.31774858,63.8613636,4.856382083,86,singkong
29.66840282,61.05512652,7.40317977,89,singkong
29.25463471,61.33308059,6.248802434,80,singkong
31.11716688,61.60974097,5.415355207,85,singkong
29.44362774,64.93355029,6.498447153,82,singkong
29.96464132,61.43249037,7.846389271,72,singkong
29.35184869,62.70386923,6.014529237,82,singkong
28.3667056,63.25799551,5.313760212,88,singkong
28.82482846,60.59803936,5.884978122,86,singkong
28.17420712,60.36706352,6.717367592,90,singkong
30.17231489,61.91458488,6.804235693,71,singkong
30.75658143,63.74672437,5.928982238,74,singkong
29.64410554,61.95523919,6.509430633,90,singkong
29.71658782,62.91328914,6.508452124,77,singkong
29.86016239,61.74802288,6.508504677,85,singkong
31.06906698,63.24255652,8.482755318,76,singkong
30.6369407,64.41983377,7.140655792,69,singkong
29.51670929,63.06923394,5.808714397,73,singkong
31.00131835,62.35565546,6.969049646,82,singkong
29.09114815,51.61099051,3.100500843,199,talas
27.31074284,50.64087555,5.796741814,150,talas
27.28953193,54.22247157,4.786600903,196,talas
30.48497825,53.06568873,4.311651854,176,talas
29.36242467,50.19490291,5.898426527,184,talas
26.85453893,52.83787806,4.239085215,191,talas
27.93034392,52.98082308,4.286775982,158,talas
28.44943537,51.65471963,4.719532456,173,talas
28.62355492,50.47583166,4.587257481,197,talas
31.12686756,52.50127742,5.683305136,157,talas
28.04828821,52.78163159,6.612176667,157,talas
28.58730952,51.48641158,6.280137872,173,talas
30.83476687,53.92568015,4.270168227,179,talas
30.45773812,53.80734873,6.213114367,167,talas
32.07343802,51.0642191,7.357501043,197,talas
29.47354014,52.37668927,6.134778729,157,talas
29.381738,50.99371791,5.360871842,158,talas
28.67835318,52.04047705,5.811831981,160,talas
28.09724683,51.44024274,7.143637571,200,talas
32.73889047,51.94119532,5.407717815,190,talas
30.33254521,51.17664522,5.739844983,193,talas
30.45419503,52.20845972,5.635238318,200,talas
31.02586783,52.15215116,4.894213898,169,talas
26.88520819,52.43192647,5.860808012,150,talas
28.72402154,53.96143998,5.727911544,169,talas
30.4650042,53.45310039,6.417802253,146,talas
28.78283804,54.09958275,6.512934365,195,talas
29.98574808,51.34912127,4.64947069,159,talas
29.36435091,53.72497434,5.943055006,167,talas
29.98240526,52.20091557,5.621480772,152,talas
28.61736438,52.9735509,6.052020595,167,talas
29.40785519,52.51541183,5.212575992,174,talas
29.52441158,52.00946069,5.437606416,188,talas
28.88733976,52.77822435,4.990914635,186,talas
29.24351803,50.64689264,6.218250493,179,talas
28.87779589,54.70124915,7.200736714,174,talas
29.59038174,53.38322131,6.590581989,149,talas
27.35803719,50.67020505,6.268233653,160,talas
30.67915816,52.67791783,6.692002741,179,talas
29.5920011,52.99851936,5.978539471,191,talas
28.66563932,51.31400426,6.700647532,199,talas
29.68137624,52.20854836,5.407927128,181,talas
29.15746751,51.75011709,5.520973398,186,talas
30.06099015,53.14357739,5.060057883,193,talas
28.55602319,53.06777111,5.57176826,184,talas
28.60748007,52.46321755,5.750714146,191,talas
31.70449574,53.40111004,5.631843989,167,talas
30.11309517,52.53160962,4.453832066,188,talas
28.19183221,51.97707042,5.824691041,159,talas
29.63581875,51.89477282,6.414827301,166,talas
28.65781119,51.12358021,5.486066138,176,talas
29.36359103,52.3873285,6.037905618,169,talas
31.27251179,52.23938476,6.332932281,187,talas
30.17675628,51.11274253,4.232088727,200,talas
27.79872578,50.99489684,5.860791733,187,talas
29.89869692,53.3650129,5.97282901,147,talas
28.6187621,50.94082936,5.026221113,200,talas
31.25083349,51.83022485,5.860298645,175,talas
28.41891392,50.96740225,6.514616023,146,talas
29.08851119,52.20575966,6.030891561,200,talas
29.14465256,50.43779643,5.840761986,166,talas
27.84564109,51.62662881,4.717029993,168,talas
29.65508119,53.07683455,5.288691592,187,talas
28.34670259,53.47425124,2.963441766,183,talas
30.29273445,52.15650346,5.669367817,184,talas
27.79219372,52.48909121,5.460815154,160,talas
28.71519555,52.39916191,5.663703713,165,talas
29.22925168,51.99524694,7.284237492,181,talas
28.91572701,52.11152107,5.190264098,191,talas
30.01581735,51.91460628,5.078364741,196,talas
27.99219363,51.31504665,5.450884449,152,talas
30.78077473,52.60087076,3.08830295,154,talas
29.25770598,50.24001575,5.557493772,160,talas
29.37729863,52.75051587,4.634943198,196,talas
29.55070888,52.78457844,4.036548231,166,talas
29.03811928,51.60282919,5.634398204,197,talas
29.02815759,51.82638857,5.109259181,191,talas
28.71710143,52.44319426,5.772498292,171,talas
29.65008786,52.29550947,5.414477472,177,talas
28.31634436,51.47259898,6.539908125,171,talas
28.68754991,53.3008982,7.452196108,146,talas
28.66081562,54.01904364,3.969661561,182,talas
27.63591447,53.16478037,5.739445169,153,talas
30.05770413,52.47582249,5.650668809,160,talas
29.53353924,53.52294814,5.006913959,199,talas
29.97828031,52.74568817,4.744071538,156,talas
28.62570899,53.58981924,5.715727511,156,talas
27.86803491,50.77385865,8.560593022,182,talas
30.49029811,51.67571757,5.449626727,175,talas
28.29034015,51.50420835,4.559684507,179,talas
28.39422462,52.2583001,4.730638544,195,talas
27.17987139,53.40176605,5.91413163,185,talas
30.63070474,52.4914296,7.034223555,155,talas
29.96203302,52.18995983,5.148713829,166,talas
29.90725958,51.90942558,5.312607404,172,talas
29.8683632,53.12794709,5.756420131,174,talas
29.7347405,52.28343721,4.721576005,178,talas
28.72305443,52.84591947,4.369195488,169,talas
30.51764784,52.67742308,5.754716215,196,talas
28.9688264,51.49962651,6.127405315,173,talas
18.69660862,84.09235984,6.267648549,157,wortel
17.38558836,83.90860467,6.381127393,150,wortel
19.92467813,83.59082559,6.489343558,159,wortel
18.03288182,84.50004529,7.432545939,144,wortel
17.95669488,85.39956376,6.218475284,169,wortel
19.37480656,83.66147372,6.633738623,193,wortel
18.58921612,84.46555728,6.363696971,138,wortel
18.16287312,86.79690206,7.007157528,189,wortel
21.05115586,84.76456739,6.782448543,169,wortel
17.56639186,84.96438424,7.443676897,195,wortel
18.46093173,85.5987921,5.84999349,191,wortel
18.47725306,85.91016017,6.389116853,167,wortel
19.71814965,83.89717181,5.718940873,149,wortel
18.94387212,84.97346764,3.864949556,180,wortel
17.91611704,84.75935827,5.663228716,182,wortel
18.6933293,84.80799808,7.234277235,181,wortel
20.26454329,84.19046086,6.748356625,130,wortel
17.73329528,85.37352471,6.670234879,126,wortel
17.99501536,83.25955716,6.913128931,191,wortel
18.58469738,83.87329134,5.712202238,157,wortel
17.24166838,86.94175534,7.604640806,128,wortel
18.49534743,87.45714133,6.307146435,169,wortel
18.78766952,84.79278022,6.211928318,149,wortel
17.19353215,85.06876616,5.841996596,142,wortel
17.95889218,84.08415032,6.129500918,171,wortel
19.64149387,83.43306445,5.818736503,198,wortel
17.37150007,86.8462377,6.337602112,131,wortel
19.94973427,84.73507462,6.825920376,155,wortel
18.14754041,84.9544464,6.986099804,197,wortel
18.61536759,86.53062256,7.067250524,144,wortel
20.1884007,83.17739155,4.894716372,153,wortel
19.61107622,85.3180102,6.315807237,194,wortel
20.71924903,83.85361212,4.415957753,136,wortel
16.22226368,85.58617818,5.655141293,140,wortel
19.72194193,83.90105473,7.292671359,152,wortel
18.2865892,84.59501135,6.880516981,142,wortel
19.39467625,85.06392933,6.100686258,181,wortel
17.32203542,84.36828412,5.817450666,132,wortel
18.82704299,84.08204761,5.090881706,176,wortel
19.02822084,84.72507913,6.529558762,185,wortel
16.58297736,84.79745545,5.849250328,198,wortel
18.40642839,85.32460293,6.129132784,160,wortel
19.66298886,83.97874138,6.599879691,179,wortel
17.87769214,84.69579984,3.318648229,139,wortel
17.83334189,85.51948008,6.441153163,192,wortel
19.10401511,85.25247257,4.602903607,174,wortel
17.687407,84.48445064,4.272158077,169,wortel
20.28025411,85.72672151,6.813286889,195,wortel
18.34227352,85.78462305,4.41256394,149,wortel
20.04951798,84.60516318,7.942701897,194,wortel
18.83378346,83.99996397,5.989531701,179,wortel
17.3504279,85.87081032,6.272302726,160,wortel
17.70132209,85.43016612,6.654401473,172,wortel
17.84735689,85.26383732,5.461688588,182,wortel
19.0879029,83.67052012,5.69990102,175,wortel
15.93548727,85.76653598,5.077967005,140,wortel
17.94777935,84.48836488,5.344403616,157,wortel
16.91301946,85.91343557,7.340795044,175,wortel
18.8256225,84.32858014,4.501197751,190,wortel
17.1895848,85.04976239,6.144796667,149,wortel
18.93648692,83.81001675,5.246343781,199,wortel
18.74822693,84.46108902,5.684068307,160,wortel
18.31377147,85.97307212,6.107733756,139,wortel
18.79032576,84.44743302,8.153168538,157,wortel
19.1526812,85.62212984,7.14418296,145,wortel
18.43866112,85.53442545,7.750637249,139,wortel
17.38994392,85.42640432,7.146035377,166,wortel
19.82690345,86.03779897,7.418873265,126,wortel
20.30693827,87.12940201,8.619871728,137,wortel
18.20134758,84.50240064,4.677158788,127,wortel
17.2944286,86.48868068,6.475621693,146,wortel
19.96042513,86.40629069,6.68561052,151,wortel
18.07708256,84.66291017,5.557940227,188,wortel
18.4474499,86.03226415,5.688486577,172,wortel
19.23140654,85.8343395,6.217185921,161,wortel
17.93563091,84.88507193,4.676624552,177,wortel
19.61348252,86.1474587,6.116298602,137,wortel
19.26080172,84.48927231,6.265643296,142,wortel
17.47433963,84.42229747,7.940063397,178,wortel
18.71593076,85.42654621,7.047673497,165,wortel
17.17982519,83.55280525,5.534643065,172,wortel
18.54889614,85.645709,6.096251514,197,wortel
18.83149628,84.88631028,5.49718075,189,wortel
19.6371404,84.65816474,6.064492516,173,wortel
19.77914879,86.18818164,6.147246059,169,wortel
18.48045472,86.74245031,6.072119168,136,wortel
19.07038682,85.09914555,6.266256705,182,wortel
17.13928997,87.61789899,6.609455257,199,wortel
17.59501294,84.28037601,5.957221568,164,wortel
18.62929321,87.13659281,6.083486063,185,wortel
16.98193899,86.44674733,5.013393683,169,wortel
18.05502217,85.3433558,6.094629979,182,wortel
18.08304149,84.14951809,4.665283692,190,wortel
18.37281526,84.4091283,5.890406698,137,wortel
19.87811004,84.94694923,6.045139233,166,wortel
18.76024519,84.84746198,6.141136665,127,wortel
17.51664736,85.52600268,6.017721375,165,wortel
17.63104284,84.03475223,6.439292258,196,wortel
18.24156942,85.70477588,7.100606177,159,wortel
18.44378617,84.05471041,7.401589798,195,wortel